eigenvalue,multiplicity,estimated rational
[1.9999999],1,2
[1.4142135],2,[1.41421]
[-3.5862854e-07],1,0
[-1.4142135],2,[-1.41421]
[-1.9999996],1,-2
