eigenvalue,multiplicity,estimated rational
[4.],2,4
[4.],0,4
[2.2857144],0,16/7
[2.],2,2
[1.9999999],1,2
[1.9999998],1,2
[4.7683716e-07],1,0
