eigenvalue,multiplicity,estimated rational
[9.000004],1,9
[6.5615525],3,[6.56155]
[4.],8,4
[2.438447],3,[2.43845]
[0.99999976],4,1
[2.3841858e-07],4,0
