eigenvalue,multiplicity,estimated rational
[8.999999],1,9
[7.4641013],2,[7.4641]
[6.5615544],3,[6.56155]
[5.4892883],6,[5.48929]
[4.],8,4
[3.289169],6,[3.28917]
[2.438448],3,[2.43845]
[0.99999976],6,1
[0.5358982],2,[0.5359]
[0.22154236],6,[0.22154]
[0.],4,0
