eigenvalue,multiplicity,estimated rational
[4.0000014],1,4
[3.3429232],6,[3.34292]
[3.0000005],5,3
[2.5615525],3,[2.56155]
[1.7320511],2,[1.73205]
[1.4706833],6,[1.47068]
[0.9999996],5,1
[3.5762787e-07],5,0
[-0.8136064],6,[-0.81361]
[-1.0000004],3,-1
[-1.5615534],3,[-1.56155]
[-1.732051],2,[-1.73205]
