eigenvalue,multiplicity,estimated rational
[2.9999998],1,3
[2.4142137],2,[2.41421]
[1.0000002],2,1
[-0.4142139],1,[-0.41421]
[-0.99999964],1,-1
